City_ID,City,Lat,Lng,Max Temp,Humidity,Cloudiness,Wind Speed,Country,Date
0,chokurdakh,78.00247179974937,146.1934371199879,273.45,90,36,5.14,ru,1691465838
1,bluff,-77.09363793585376,171.69832505541046,235.44,100,97,4.21,nz,1691465838
2,port alfred,-43.98576841786045,29.35791036810707,283.24,82,91,16.53,za,1691465839
3,punta arenas,-78.42919734998794,-88.08615601384373,231.72,96,75,3.94,cl,1691465839
4,tumannyy,73.28656549537553,37.83360443664955,281.26,93,100,7.8,ru,1691465840
5,faanui,-3.7783240416765977,-157.6590438162276,300.82,72,37,7.57,pf,1691465840
6,rikitea,-30.73396004660861,-121.43034749338221,290.1,62,86,5.08,pf,1691465842
7,ravar,31.727472338760435,58.02798431072833,307.36,14,0,5.33,ir,1691465842
8,tabiauea,-0.7737059200426302,165.01215787769786,301.56,72,77,3.18,ki,1691465842
9,puerto ayora,-15.917466460542585,-104.68842175905094,295.22,72,7,3.89,ec,1691465843
10,aquiraz,-51.99302192317041,-112.91444108509437,276.93,69,100,9.77,pf,1691465843
11,tiksi,-1.0464998279217355,-35.608603777558926,299.51,80,90,8.82,br,1691465844
12,seymchan,-47.14936328414268,35.00782641196761,278.6,86,100,11.9,za,1691465844
13,vaini,83.29438166946048,128.2962361921579,273.54,99,99,4.81,ru,1691465844
14,albany,62.094664644904924,152.9474561194072,273.83,95,100,2.95,ru,1691465845
15,jamestown,-38.89270307936398,-170.2579871777554,284.57,63,100,1.34,to,1691465845
16,morehead,-50.62505883204022,121.79618682168638,279.43,92,100,12.79,au,1691465846
17,kinshasa,-39.69696863431652,-11.254281085916915,286.72,81,100,22.33,sh,1691465846
18,busselton,-9.415537290177355,141.15064820099383,297.73,80,92,11.47,pg,1691465846
19,along,-59.80256316545778,-80.53245621258532,275.85,85,100,3.39,cl,1691465847
20,airai,-4.642672947844417,16.28611399456574,293.49,69,89,2.71,cd,1691465847
21,westport,-73.38938262308707,108.7920355338951,212.62,99,65,5.88,au,1691465848
22,bethel,-77.70572303741281,78.58791396333817,216.21,74,7,8.45,au,1691465848
23,kahului,32.484091653179505,94.77017220702686,287.76,58,33,3.21,in,1691465849
24,necochea,18.262884236583446,145.57003617039192,302.52,70,97,0.99,pw,1691465850
25,carnarvon,-38.4819058623904,166.03111186178506,284.6,62,96,10.86,nz,1691465850
26,gambela,51.74998358570318,-161.17196646157242,284.62,91,100,6.54,us,1691465850
27,sentyabrskiy,26.310622037635582,-150.91925846451977,298.0,82,0,8.81,us,1691465851
28,castro,-39.82312594568658,-57.604885926123856,279.35,67,7,4.1,ar,1691465851
29,dikson,-18.183893660314325,108.24569230033825,296.3,85,0,4.37,au,1691465852
30,pevek,8.533630953022396,33.53899845479958,295.89,80,100,1.43,et,1691465852
31,ixtapa,42.13827490355774,153.7537319057082,293.95,97,93,6.48,ru,1691465853
32,mataura,-52.34772722961652,35.60547113572696,276.12,82,100,14.97,za,1691465853
33,mar del plata,-46.28768404524826,-94.32555625353112,280.22,92,100,5.43,cl,1691465854
34,barrow,-43.03778312175142,-99.5822764591669,281.51,94,100,9.63,cl,1691465855
35,hilo,84.83367575346915,87.4737390107187,273.42,95,100,6.54,ru,1691465855
36,karachi,71.30818626563763,168.37051304685485,272.67,88,99,2.64,ru,1691465855
37,bima,7.853898460718796,-105.77777413132893,300.58,81,100,5.64,mx,1691465856
38,gizo,-82.78624536740254,-164.94057740065975,228.94,89,100,2.48,pf,1691465856
39,russell,-54.27109818539718,-45.397148402915604,273.11,63,100,13.2,ar,1691465857
40,hobart,71.17296352697497,-155.45963828903407,284.18,94,100,4.13,us,1691465858
41,mahibadhoo,20.49081658273421,-141.8055710850271,296.22,75,100,11.66,us,1691465858
42,luderitz,23.97494112773782,65.88614388876917,300.58,81,99,9.63,pk,1691465858
43,namibe,-6.794779220405431,118.3859558024568,299.64,76,12,7.42,id,1691465859
44,kruisfontein,-8.334884792516519,155.61144459707037,299.65,77,100,11.32,sb,1691465859
45,pangkalanbuun,-45.960969060414385,-175.10797209968726,282.38,74,100,7.96,to,1691465859
46,tuktoyaktuk,-26.37984156843627,179.36854750742873,291.44,65,75,5.21,nz,1691465860
47,urk,74.1158603139167,152.91980918545272,275.45,99,100,4.15,ru,1691465860
48,sao filipe,-88.44799690187484,147.88371429016672,221.98,100,100,5.77,au,1691465860
49,lata,-71.84830603433878,-107.42416246340149,248.94,94,100,4.36,cl,1691465861
50,ponta do sol,-68.02674164532206,-113.17559423948477,265.76,92,100,10.76,cl,1691465861
51,uglekamensk,-46.47029243495881,-142.35592766413797,280.73,81,9,11.23,pf,1691465862
52,meylan,4.305462818195849,62.56191763346507,300.99,75,94,5.9,mv,1691465862
53,georgetown,-26.979752874020733,13.351484000462932,288.3,91,19,11.37,na,1691465862
54,qaanaaq,34.62983506063313,-145.5732677447326,297.7,75,0,3.09,us,1691465863
55,ipixuna,-14.187652801526497,3.313079612259031,291.42,80,100,8.38,ao,1691465863
56,illoqqortoormiut,-45.088912144919156,-88.25775825724328,281.69,90,100,14.34,cl,1691465863
57,baykit,-17.749720812010963,-8.715155755104632,292.54,69,84,9.53,sh,1691465864
58,pisco,-54.755315364754026,26.22362186209631,273.32,97,100,10.99,za,1691465864
59,mount gambier,-2.0798899200186867,110.48284998292371,304.15,55,49,2.5,id,1691465864
60,haapiti,85.04760617869914,-136.59546239600587,272.22,92,100,4.98,ca,1691465865
61,bredasdorp,52.66479890444691,5.716095844266846,288.74,82,73,2.24,nl,1691465865
62,santiago del estero,5.458902793469562,-30.90414908060555,299.91,70,96,5.21,cv,1691465865
63,ushuaia,-6.318184927134951,168.84939856350064,302.04,74,88,3.45,sb,1691465865
64,ayna,32.97744466959939,-17.792547051575383,296.73,69,18,3.0,pt,1691465866
65,astoria,43.63251469571421,133.54364046913304,293.16,67,87,0.91,ru,1691465866
66,bengkulu,-73.98734680097712,-169.22339026685873,248.24,98,100,8.74,to,1691465866
67,chuy,45.173889283959085,6.034021940332025,280.84,57,95,1.68,fr,1691465867
68,fortuna,-9.99757359351753,-11.796786299148465,296.03,77,98,8.41,sh,1691465867
69,kapaa,87.91159937844711,-88.18597035905692,267.93,93,26,3.21,gl,1691465867
70,zhanatas,-65.03037035856002,113.82985691294527,251.94,97,97,13.13,au,1691465868
71,yellowknife,-57.98917310930833,-92.94633618903748,276.7,80,100,3.85,cl,1691465868
72,healdsburg,-6.942514356892332,-71.46471820822616,297.02,82,23,0.94,br,1691465868
73,boa vista,87.39209375281987,-26.36590083748993,270.03,90,62,5.31,gl,1691465869
74,cape town,61.58149069621015,96.36134050697376,286.83,91,95,1.5,ru,1691465869
75,ancud,-24.668861201180547,-96.02303067229808,293.49,86,99,7.29,pe,1691465869
76,bambous virieux,-55.84747722386848,129.73760158945527,277.24,95,100,18.19,au,1691465870
77,aswan,-19.489908587721118,-150.77356916377585,298.35,83,90,7.22,pf,1691465870
78,cidreira,-77.2442552523882,14.234982381380803,218.05,100,38,5.5,za,1691465871
79,avarua,-27.248016776861746,-63.52497543367596,286.48,33,94,3.51,ar,1691465871
80,rujewa,4.177478959184384,-159.25640490819825,301.03,78,74,5.28,us,1691465871
81,taolanaro,-62.74732603733257,-69.23985734116175,271.63,89,47,7.37,ar,1691465872
82,dossor,-12.32153571134937,-74.30937836544062,281.65,85,36,1.56,pe,1691465873
83,port elizabeth,46.29157472137115,-125.17595698541437,291.87,86,99,5.91,us,1691465873
84,ayan,-83.95992034518198,108.75758543792313,220.5,97,100,8.29,au,1691465873
85,viedma,-9.456490557753838,92.24569219216454,299.92,80,20,8.16,id,1691465873
86,phan thiet,-1.3501220820278377,-19.5127219798851,298.44,75,100,4.42,sh,1691465874
87,grindavik,88.21095066290673,-10.80345386189262,269.66,88,21,4.92,gl,1691465874
88,isangel,-40.14579913439399,-48.19913464398189,282.91,60,100,10.64,uy,1691465875
89,codrington,40.043181909097626,-126.57448672938011,291.74,84,7,10.62,us,1691465875
90,beringovskiy,11.0922870977316,-172.93423475149044,300.4,80,91,8.09,us,1691465875
91,paita,46.06438150365443,69.66971607268636,299.13,43,63,3.27,kz,1691465876
92,verkhnyaya toyma,-27.997784720592904,-150.6513910306741,291.36,56,41,12.98,pf,1691465876
93,grootfontein,70.30744358692087,-113.06131894604209,289.57,49,99,5.38,ca,1691465876
94,nantucket,-41.066354366470854,-148.1302253213261,281.69,61,96,8.71,pf,1691465877
95,norman wells,37.33907374506461,-124.86657494347642,289.59,90,0,10.7,us,1691465877
96,khatanga,3.6628766290902064,-63.83802598834295,293.89,92,42,0.55,br,1691465877
97,nagapattinam,-88.93657655436202,-74.93928543634074,229.08,99,100,4.29,ar,1691465878
98,hermanus,-79.03088286050794,-16.108875672158717,246.38,92,100,5.77,za,1691465878
99,thompson,-40.23163437656389,-100.92762477060745,284.63,85,5,12.54,cl,1691465878
100,new norfolk,-33.682113818054155,75.68867476989041,286.37,63,100,3.42,mu,1691465879
101,husavik,24.47160606401242,33.08704493880444,305.56,14,0,1.59,eg,1691465879
102,hithadhoo,-44.67145534947019,-31.56391768228363,278.67,71,84,14.66,br,1691465879
103,provideniya,-18.16933044547639,-158.08135262892995,298.42,78,89,5.83,ck,1691465879
104,tuatapere,-8.596649579691956,34.39520207377225,288.99,61,5,2.65,tz,1691465880
105,iqaluit,-50.935943545035734,62.76535964572295,274.35,82,100,15.17,mg,1691465880
106,kiama,47.224821214964805,53.14757252561597,302.25,33,0,3.94,kz,1691465880
107,belushya guba,-40.595365315233266,51.53981586376233,287.51,79,78,12.08,mg,1691465881
108,east london,-40.053195465697414,-38.71141604835648,282.34,60,100,17.71,br,1691465881
109,nikolskoye,-65.04497107237349,30.861723449992184,271.95,96,100,9.39,za,1691465881
110,tsogni,57.82326427714497,136.55193075570907,295.71,32,13,2.45,ru,1691465882
111,college,-41.25635406325273,-62.5171152749643,280.3,71,95,10.45,ar,1691465882
112,atuona,8.872321671797962,109.83857957273017,301.89,82,75,8.21,vn,1691465882
113,galgani,-59.06314954252596,85.04085159308227,258.2,98,100,12.9,au,1691465882
114,camacha,-70.78313501576305,-173.42752001620175,269.92,96,100,8.22,to,1691465883
115,acapulco,-89.37855804046224,-108.87430473197028,227.08,99,100,4.57,cl,1691465883
116,mahebourg,53.39531441013821,-31.311873295409356,286.38,89,98,10.19,is,1691465884
117,hambantota,79.67103462055721,149.63612981274082,273.91,93,78,5.38,ru,1691465884
118,louisbourg,-40.372362630963934,118.39264116591147,284.62,93,99,4.77,au,1691465884
119,hagere selam,-53.89905820400276,-59.26435636355998,277.01,81,76,9.6,ar,1691465885
120,port hardy,-18.1480382136466,176.52963511119458,297.87,81,50,6.03,vu,1691465885
121,bandarbeyla,21.92074991996222,-35.09130597783846,298.48,71,95,4.09,cv,1691465885
122,sitio novo do tocantins,14.72172893211868,-133.3026523907808,297.98,83,100,6.05,us,1691465886
123,carutapera,23.60593363699377,-50.533521731924736,300.6,75,82,4.89,ag,1691465886
124,bogoslovka,56.15548828406526,176.89856950737214,283.8,85,100,6.13,ru,1691465886
125,port hedland,-6.265415407370895,-83.2010315161446,295.52,74,63,6.04,pe,1691465887
126,chabahar,62.062937208040836,44.346187415993285,288.66,75,0,2.92,ru,1691465887
127,teguise,-19.671044197645713,18.469717053006434,283.29,47,0,2.12,na,1691465888
128,kavaratti,40.02887350712635,-68.56381953957657,296.64,84,61,6.98,us,1691465888
129,bac lieu,-31.240039514459326,-14.207829941871609,290.31,71,98,10.55,sh,1691465888
130,ucluelet,73.50664633084028,-118.9799977329784,290.89,42,80,5.31,ca,1691465888
131,alihe,71.976327461983,103.89630151561937,296.74,30,79,6.05,ru,1691465889
132,casa grande,10.955913631473905,80.68416431154066,301.15,83,100,8.12,in,1691465889
133,butaritari,-89.72569596722748,-9.986595190455262,227.77,97,100,6.58,za,1691465889
134,grand river south east,67.42231936297114,-88.24716003832086,282.62,54,57,0.64,ca,1691465890
135,souillac,52.21453975846609,-164.96381065516846,283.95,96,100,6.65,us,1691465890
136,kurmanayevka,-12.683289634063954,89.0414642212715,298.3,78,93,9.06,id,1691465891
137,merk,-59.876346210047465,138.17389511106575,273.11,98,100,16.36,au,1691465891
138,banjar,70.84357538318946,-160.52850930711884,290.2,97,97,6.74,us,1691465891
139,gilbues,69.90874420985975,-16.472478606009133,277.78,78,79,2.19,is,1691465891
140,nanortalik,-50.25589237875297,142.75040035296263,281.22,88,91,11.45,au,1691465892
141,coquimbo,-34.32150377871893,99.98481487797557,285.55,61,100,5.44,au,1691465892
142,bad liebenwerda,-6.3820458655472265,73.17704231367415,299.34,82,100,6.18,mv,1691465893
143,karangasem,-84.27043758881024,-153.38483557565164,222.43,93,69,2.33,pf,1691465893
144,leh,40.34735246561482,-177.47793254544544,297.05,88,2,1.8,ru,1691465893
145,nouadhibou,-65.51465224347061,-110.3157192267555,270.25,89,100,9.32,cl,1691465893
146,hamilton,-50.0583356571694,162.82055055431414,281.33,89,100,8.98,nz,1691465894
147,havre-saint-pierre,66.05081708076798,-71.26297116624585,282.5,57,56,3.14,ca,1691465894
148,grand gaube,-36.35061106462505,154.82241176986253,286.86,59,33,1.15,au,1691465894
149,vestmannaeyjar,72.87496969607915,49.167701877967744,281.39,88,100,6.13,ru,1691465895
150,vanersborg,-71.45029541422261,-96.0123188560372,248.39,98,100,2.3,cl,1691465895
151,klaksvik,-72.65844541176101,-18.989263988038005,238.04,100,100,1.96,ar,1691465895
152,camapua,-49.942031935853386,43.4208491471075,274.71,81,100,2.58,za,1691465896
153,kondagaon,-75.91968118650394,-32.20861389120185,244.44,98,100,6.58,ar,1691465896
154,lavrentiya,41.932058888539274,166.7720422690703,292.29,97,85,5.55,ru,1691465896
155,syamzha,-15.256319312201072,10.857098835430463,290.61,88,1,0.83,ao,1691465897
156,mikuni,-2.8673725239050185,-98.91190980266967,298.05,73,91,8.17,ec,1691465897
157,comodoro rivadavia,-38.668892482117855,-16.511714962592293,287.8,88,100,23.31,sh,1691465897
158,esperance,-52.79962473269503,-107.52116604111298,278.3,72,79,7.96,cl,1691465898
159,deskati,-3.4585742439539047,9.948902689581871,294.87,86,100,1.65,ga,1691465898
160,maceio,-39.060605169575126,-158.9054777361562,283.83,71,29,6.19,ck,1691465898
161,torbay,71.24080906557899,-149.71414309169168,277.51,92,93,6.95,us,1691465898
162,tonekabon,-65.20649516808288,37.110352090613816,270.73,96,100,10.65,za,1691465899
163,barentsburg,73.0098123521484,-151.2097419428527,273.52,98,96,8.68,us,1691465899
164,norden,-75.24772388568927,-144.5983367493185,236.54,100,100,4.9,pf,1691465899
165,katsina,7.880909822841332,-139.38186047498334,300.05,81,100,4.97,pf,1691465900
166,lithgow,12.384005611813151,35.02535167212994,294.21,97,100,2.84,sd,1691465900
167,rodrigues alves,-73.71107121555997,-0.22983834582478835,231.29,50,11,8.75,za,1691465900
168,victoria,38.07713442952803,-16.155135712129805,294.69,84,10,6.97,pt,1691465901
169,yelizovo,9.680148450535526,-101.84615591865118,300.98,77,58,2.09,mx,1691465902
170,samusu,-22.841850802371596,59.96229994973223,294.41,66,100,7.1,mu,1691465902
171,clyde river,83.01599007643566,104.84856846056897,273.73,98,100,3.49,ru,1691465902
172,ambilobe,4.95428808624456,83.41912603321549,301.09,81,98,10.34,lk,1691465903
173,amahai,-87.91691916511247,-89.83270840972182,230.43,98,100,5.09,ar,1691465903
174,talnakh,-49.766713938728365,-91.52060059591508,279.22,96,100,8.05,cl,1691465903
175,kismayo,42.024240235343115,-59.62038663331826,293.74,70,100,3.59,ca,1691465904
176,passa quatro,-37.371885225673765,101.79923269297547,284.72,69,31,9.31,au,1691465904
177,vila franca do campo,6.367050173893645,38.82443971087872,288.58,92,93,0.68,et,1691465904
178,maragogi,-74.42252230755311,-67.42147057759149,240.85,98,100,12.97,ar,1691465905
179,komsomolskiy,45.569570866163076,-135.92006951857024,290.77,95,82,8.86,ca,1691465905
180,guerrero negro,7.522919954371801,61.21212812498396,300.11,79,66,9.28,so,1691465905
181,amderma,-5.402610838381989,-47.2385175702064,298.45,61,54,1.51,br,1691465906
182,jiangyou,3.301139674130667,-42.94598329225272,300.25,84,78,8.79,br,1691465906
183,tasiilaq,53.29274387752045,44.848663668797485,294.2,58,0,2.31,ru,1691465907
184,zernograd,-22.93330762062699,120.42703749554335,299.33,21,1,5.24,au,1691465907
185,olavarria,25.610649198277443,59.723010801499555,303.14,68,0,3.03,ir,1691465907
186,ribeira grande,30.395664408575385,-13.523414075581599,294.99,84,15,3.77,es,1691465907
187,vostok,-81.86303848986465,-97.94105342431492,222.06,100,100,0.71,cl,1691465908
188,ericeira,10.756542915534865,71.46979878940292,301.02,76,100,7.88,in,1691465908
189,morondava,5.527343700948663,108.0362650697158,302.02,74,51,5.37,vn,1691465908
190,semnan,48.92692110309355,-125.25335097914217,290.98,93,100,1.72,ca,1691465909
191,quatre cocos,-63.83155271092609,-91.62141601222854,271.76,77,72,4.02,cl,1691465909
192,touros,-52.56691073946323,89.26663412591085,275.28,71,100,13.37,au,1691465910
193,lagoa,49.98210025864458,123.58540277940682,288.92,67,100,3.83,cn,1691465910
194,alamosa,32.676433525346795,-111.97066754943474,311.92,35,2,6.53,us,1691465910
195,pali,80.54917186303533,38.02517461272379,272.56,99,100,4.19,ru,1691465911
196,wembley,28.138099255235616,174.3385289996475,299.65,79,10,9.44,ki,1691465911
197,tsihombe,84.6966975039457,45.548764389986275,273.12,97,100,3.0,ru,1691465911
198,tiznit,-43.755130825923395,120.41230955776143,283.22,97,100,9.86,au,1691465912
199,la ronge,34.21475393354629,-144.57608643209915,297.61,73,0,3.44,us,1691465912
200,khandyga,-28.573766818605847,60.56819153166791,290.76,54,93,2.75,mu,1691465913
201,buta,52.02831057162706,51.87957886242785,298.04,51,60,3.5,ru,1691465913
202,marsa matruh,-32.33260623496951,-134.5557708810433,288.16,88,100,4.06,pf,1691465913
203,port shepstone,-23.637701966124496,-123.99183845269357,294.32,71,1,1.78,pf,1691465914
204,berlevag,66.6731319005869,-174.69092433912365,279.35,91,100,6.07,ru,1691465914
205,saint george,47.74899533249712,22.340482228524536,286.14,87,66,2.71,hu,1691465914
206,nuuk,-7.436770375111593,107.4364601561951,301.36,61,13,4.94,id,1691465915
207,constitucion,-10.147055694121363,-45.912048380658405,296.38,40,5,2.79,br,1691465915
208,tambo grande,-65.73222962213134,-58.6675985133042,248.53,88,22,0.88,ar,1691465915
209,saint-joseph,50.68605569350592,-39.84139387379125,289.1,95,100,16.09,gl,1691465915
210,port lincoln,60.18803307004373,-172.85555386938108,281.49,96,100,6.98,ru,1691465916
211,senanga,-57.83006657635233,-34.707135281653024,262.89,84,13,7.97,ar,1691465916
212,kavieng,84.66758367017965,54.25380385940383,273.22,97,100,3.62,ru,1691465916
213,ballina,20.144703582653975,162.93462996466968,299.55,86,100,8.24,ki,1691465917
214,ishinomaki,-7.385856695052055,-146.40270686097662,300.52,72,1,6.66,pf,1691465917
215,atar,-30.881288106773248,-78.30980943149186,289.0,71,0,0.79,cl,1691465917
216,hualmay,51.63487761416803,13.388073312911246,284.95,83,16,6.09,de,1691465918
217,malartic,-71.85895830138747,158.3322102354732,250.82,97,100,9.47,nz,1691465918
218,hyeres,-50.887541565195484,-50.25207548479983,276.33,80,88,9.8,ar,1691465918
219,fort nelson,-8.60417460583055,115.70680871999656,299.34,57,14,1.98,id,1691465919
220,laguna,11.8037938537246,-151.09231295769604,300.25,84,100,11.5,us,1691465919
221,padang,34.32608329397267,79.81811554505407,278.16,39,9,1.67,in,1691465919
222,morant bay,-21.340741610668815,-178.56573222714223,297.07,85,98,2.37,to,1691465920
223,vila velha,22.70165360320719,-21.77918879018216,297.98,69,100,6.07,mr,1691465920
224,grande prairie,-29.835200598796504,75.323224622965,288.92,55,100,3.7,mu,1691465920
225,nyzhni sirohozy,28.763420709520517,-63.606518720848385,300.68,76,14,4.06,bm,1691465921
226,jardim,51.99760567139609,-63.92074470296518,285.71,76,100,2.18,ca,1691465921
227,aklavik,37.86737108128072,173.12587067200923,299.02,81,0,4.35,ru,1691465921
228,forbes,-81.30915841630373,-5.334015225423258,243.08,97,100,6.41,za,1691465921
229,saint-georges,-35.1181495290837,49.32609034075065,289.73,80,91,10.45,mg,1691465922
230,bolungarvik,-13.22827202475193,67.49928601345252,297.92,76,17,11.88,mu,1691465922
231,sitka,-59.852208991150505,-143.83200000336942,272.1,76,95,3.85,pf,1691465922
232,arraial do cabo,8.100927311612082,-147.81202112807034,301.09,78,33,3.48,us,1691465923
233,broome,-75.26265453794333,4.05569273968996,226.88,40,19,5.78,za,1691465923
234,meadville,-80.87013598154027,-20.323680106336923,244.73,93,100,5.42,ar,1691465923
235,ribas do rio pardo,-47.74905529172784,167.85151722194377,280.73,63,100,8.72,nz,1691465924
236,pangai,-43.07057870222223,3.857216750441637,282.84,86,36,14.4,za,1691465924
237,edgewood,-31.6852338922331,-6.2907630154549,289.17,68,1,6.46,sh,1691465924
238,ningan,61.97796352363642,-20.929111104690747,284.84,83,73,7.75,is,1691465925
239,gravdal,69.11924042412573,-25.224709184693268,272.52,63,38,3.49,gl,1691465925
240,rawson,-33.734105596454576,65.03320693619392,285.91,51,100,0.91,mu,1691465925
241,pacific grove,83.35081909168551,-112.32923088451366,272.36,91,100,7.05,ca,1691465925
242,tubuala,59.05356805166764,12.215876062909956,286.94,98,100,2.76,se,1691465926
243,attawapiskat,76.02657091157934,-5.8150805054210934,277.37,80,0,6.08,fo,1691465926
244,kenai,19.828631429630263,-55.49100193253999,301.26,84,44,7.24,ag,1691465926
245,bathsheba,-19.064831480126756,-53.49496204526686,296.7,33,29,0.77,br,1691465927
246,nome,-52.95474056859714,-75.533306350191,279.87,78,100,7.75,cl,1691465927
247,longyearbyen,19.440871609140956,81.28078557542796,297.41,78,93,4.46,in,1691465927
248,sao joao da barra,69.62676776135598,-174.02714690471487,278.1,94,99,5.64,ru,1691465928
249,dingle,16.849900531047965,170.47331397541654,301.02,81,100,8.43,ki,1691465928
250,nizhneyansk,59.95461601252285,40.97504784906829,292.04,75,0,3.29,ru,1691465928
251,vallenar,36.958783172548564,135.20123590659477,302.24,74,59,3.11,jp,1691465928
252,mabaruma,-46.15665209605929,-68.61690150005441,275.83,58,98,4.01,ar,1691465929
253,saint-leu,-41.63570902205121,125.08998864532555,284.59,98,97,11.47,au,1691465929
254,mys shmidta,39.948998256557246,21.73633857583704,291.31,82,0,2.35,gr,1691465930
255,severo-kurilsk,-17.848854014146127,-24.671791057442135,295.6,64,99,7.84,br,1691465930
256,mombetsu,43.100457805800204,-50.617994527591776,290.41,83,26,8.74,ca,1691465931
257,kununurra,37.738632011778336,51.35859136290989,300.48,67,36,2.06,ir,1691465931
258,robertsport,77.24383631830952,6.3838549332919,279.18,85,100,6.59,sj,1691465932
259,port keats,54.30138056584505,6.694004886357533,288.88,73,32,11.18,de,1691465932
260,nishihara,-67.55845891465911,-17.487409612144205,245.63,95,7,5.14,za,1691465932
261,kieta,-79.6250354681919,-157.6875376326846,221.27,100,67,3.0,pf,1691465933
262,nizhniy ingash,12.414227709427408,7.9417850536424055,295.7,87,96,4.03,ng,1691465933
263,bud,14.526016728302508,-140.30041578808164,297.93,76,100,8.33,us,1691465933
264,mugla,-35.06123475198625,-178.6668695537266,286.78,85,42,7.56,to,1691465934
265,nipawin,-33.20703118543156,149.84745939182477,288.82,42,37,0.92,au,1691465935
266,saskylakh,-29.89559123880432,93.9156781975056,287.47,65,100,5.05,au,1691465936
267,talara,-81.30022712657644,68.11790865905286,207.34,100,100,3.5,mg,1691465936
268,pictou,-12.292161671975123,-65.16130103782318,300.4,42,13,1.68,br,1691465937
269,praxedis guerrero,2.7562914604229007,-101.32926948359784,299.59,70,94,6.32,ec,1691465937
270,warrnambool,-1.138882188731472,56.347865505842606,299.37,79,58,6.18,sc,1691465938
271,vaitupu,53.481762843758816,158.09124971959392,293.98,55,4,4.13,ru,1691465938
272,joshimath,-77.02282071335296,-16.90655879267237,244.43,90,100,5.92,za,1691465938
273,aparan,-4.625700345613765,-166.33255328480683,301.66,71,58,5.85,ws,1691465939
274,saint-philippe,10.233089780381874,-145.0293486722794,300.35,82,66,5.62,us,1691465939
275,coahuayana,-57.16248353248473,95.6737138675307,271.97,86,100,15.5,au,1691465939
276,yulara,72.92225468657443,-67.90506230462208,276.99,93,95,1.28,ca,1691465940
277,zhigansk,-10.900984392022835,51.95621632438716,297.59,79,34,10.27,mg,1691465940
278,barabai,-2.213031123891028,129.839192159792,299.93,73,80,6.76,id,1691465941
279,salalah,3.3385180921923734,-154.38567333834217,301.15,74,54,3.04,us,1691465941
280,meitingen,-41.271026082079665,-107.50239517032841,283.3,91,100,1.81,pf,1691465942
281,alofi,71.01112339041893,-162.12626082622177,276.06,95,93,7.03,us,1691465942
282,washington,75.6447877180189,91.28942090928246,287.13,57,26,3.41,ru,1691465943
283,pyapon,-50.16006212266946,-104.37813614310818,278.56,64,92,5.29,cl,1691465944
284,dunyapur,-2.230545759331065,45.48495408813898,297.83,84,52,7.8,so,1691465944
285,lebu,-22.447164003627975,-44.78165052432601,288.81,49,0,0.81,br,1691465944
286,hollins,32.549494779456566,-25.731137306424785,297.7,71,6,4.62,pt,1691465945
287,shiyan,8.92006859793078,108.56955680321556,302.02,80,50,7.89,vn,1691465945
288,svetlogorsk,-14.821171463624495,-25.057660635289125,296.26,69,95,7.82,br,1691465946
289,richards bay,-42.25313526366442,-97.60055366839404,283.68,90,100,11.62,cl,1691465946
290,contai,75.65826318098502,175.07836162883484,273.41,92,100,5.45,ru,1691465947
291,liverpool,19.071415301128837,-126.89817896971849,296.38,75,21,2.78,mx,1691465947
292,anadyr,-85.32085958360861,-108.4378771149193,231.12,95,100,6.92,cl,1691465947
293,ilulissat,74.27419318607633,60.07712396061635,277.94,87,74,3.26,ru,1691465948
294,saint-francois,32.330922842761495,104.61226070797989,301.98,59,12,2.23,cn,1691465948
295,alice springs,65.07598026382641,-34.012721502674,281.81,66,93,1.09,gl,1691465949
296,brawley,-0.47242673491446396,-142.16331426268556,299.91,83,100,7.53,pf,1691465950
297,calabozo,46.741274278767946,40.248115358113296,299.01,38,0,2.54,ru,1691465950
298,halmstad,-36.4012671424765,-60.50562284854249,275.71,76,71,3.48,ar,1691465951
299,cairns,35.96039533044758,-38.738384454052664,299.62,83,100,9.7,pt,1691465952
300,azoyu,28.527869525944624,-43.96832541717191,299.63,78,0,3.24,pt,1691465953
301,awjilah,-64.60464083609989,128.1551530108485,258.7,95,100,11.03,au,1691465953
302,canala,-42.79720018609384,-58.25199941016119,278.23,81,26,5.89,ar,1691465953
303,shirokiy,-86.62079482185166,6.338655100072543,230.65,97,100,6.89,za,1691465954
304,atlantic beach,48.363738209432654,149.60474445083742,286.44,88,98,3.44,ru,1691465954
305,port augusta,39.25292979060819,-10.851007574446328,294.21,92,0,3.9,pt,1691465954
306,berezna,-18.183672794459355,42.657766977245984,297.14,73,9,8.05,mg,1691465955
307,griffith,-32.648383434499465,89.34932097354266,286.56,62,100,3.09,au,1691465955
308,taksimo,71.49413335673853,-37.69834054382565,256.43,99,96,4.01,gl,1691465956
309,mitsamiouli,35.58487999255341,52.921990566500995,289.95,41,99,3.13,ir,1691465957
310,leningradskiy,-18.23582360427112,69.16750531708016,295.26,71,30,10.73,mu,1691465957
311,leshukonskoye,69.70040009132032,-67.72510918127713,274.88,99,100,0.92,ca,1691465957
312,broken hill,-63.8390095597879,36.6234983658467,272.14,93,100,13.73,za,1691465958
313,portland,-0.019206994951602496,-26.644151086969146,298.32,77,99,4.38,br,1691465958
314,avera,42.59804023918633,170.8405975605391,291.57,97,15,5.77,ru,1691465958
315,raga,-70.57964268995163,-85.34504246570619,252.37,100,98,4.11,cl,1691465959
316,graaff-reinet,46.12201707163382,-31.530100193679203,294.57,95,100,10.99,pt,1691465959
317,udachnyy,37.39944281418592,-105.24940775707856,288.44,51,71,0.86,us,1691465960
318,san patricio,-25.30747840737226,108.81527985925874,293.32,72,26,5.24,au,1691465960
319,noumea,23.134512071569418,80.74267604113254,298.3,76,85,6.26,in,1691465960
320,dabakala,-68.67444426868923,-4.971165893033373,252.84,83,94,10.29,za,1691465962
321,sisimiut,-75.07621142041381,-91.90993863200947,229.42,100,76,3.41,cl,1691465962
322,avanigadda,-21.551084947035477,68.34604571677991,295.1,58,82,9.93,mu,1691465963
323,atalanti,-33.37643079104828,-5.26796517847842,288.23,70,2,8.21,sh,1691465963
324,flin flon,81.22271939956835,89.01009156358413,273.32,98,100,2.24,ru,1691465963
325,fuling,83.04473424037502,-128.5392067738791,272.78,94,100,5.81,ca,1691465964
326,siilinjarvi,-69.88329847041626,-124.40402510225573,245.64,100,100,9.28,pf,1691465964
327,shimoda,54.16555182996942,-119.20608110005811,285.34,94,96,1.72,ca,1691465965
328,mangai,86.5534756483635,-80.44022972584935,269.14,93,75,3.97,gl,1691465966
329,faya,-58.462462054666176,170.70940552479937,277.89,88,100,14.81,nz,1691465966
330,miyako,-78.25232149357973,138.65666952411175,214.2,100,77,5.18,au,1691465967
331,inverness,-37.36653703152911,-132.20095093948896,284.96,61,21,5.4,pf,1691465967
332,palabuhanratu,-57.2727975303998,51.09655992755202,272.42,82,61,8.24,mg,1691465967
333,waihi beach,-13.236728114926777,-22.109646517565125,296.71,70,65,7.33,sh,1691465968
334,madang,27.409799010813956,-10.996213052850209,292.14,90,9,7.65,ma,1691465968
335,skelleftea,56.50810846018797,-107.25793247938641,283.75,91,66,3.07,ca,1691465969
336,kattivakkam,-57.420757432609186,-112.65061020937725,273.28,73,100,7.42,pf,1691465969
337,nara,23.126114604544696,-152.2211354607401,297.52,85,5,10.78,us,1691465970
338,hay river,-60.84716644698811,17.922020704528393,271.19,87,100,11.45,za,1691465971
339,boda,6.886639193422013,118.2694199733379,301.72,76,14,3.86,ph,1691465971
340,virtsu,64.01900822107592,135.44157467963606,290.73,26,52,7.78,ru,1691465971
341,puerto leguizamo,-85.511150975034,-144.19915592312088,234.58,52,92,3.43,pf,1691465972
342,vilhena,-37.574738093111485,156.39131503894532,285.24,57,31,2.37,au,1691465972
343,bogande,-61.117690577946576,-131.13225048300146,271.06,75,97,9.63,pf,1691465973
344,vagur,1.9534569515442115,25.31063118582071,293.46,99,100,1.49,cd,1691465974
345,campoverde,89.9828161988205,-71.14232784982701,270.51,85,98,5.39,gl,1691465974
346,shimorskoye,33.19401527796988,28.539467596461748,299.32,71,0,4.86,eg,1691465975
347,wajid,27.939758362694903,163.9331949072769,300.06,75,30,9.92,ru,1691465976
348,kayerkan,-57.86161797221133,117.66360702090213,272.69,96,100,16.27,au,1691465977
349,solnechnyy,-79.0044542924148,29.28786053945339,212.82,100,84,5.14,za,1691465977
350,hunza,14.274718131842704,-25.16875240304455,298.81,78,91,5.52,cv,1691465977
351,port blair,-34.40739164903003,36.39905143376063,289.0,64,0,6.36,za,1691465978
352,punto fijo,35.01375916634885,-176.6810909079584,298.03,83,83,8.02,us,1691465978
353,balkanabat,-59.04720820660219,-69.71080265236998,277.04,90,100,9.9,ar,1691465978
354,wellington,-65.94424731551041,4.42854148339336,257.29,93,100,11.9,za,1691465979
355,hasaki,-29.824647263834628,-17.99304354201979,291.32,67,72,10.1,sh,1691465979
356,balsta,-58.85085789013418,-178.10604879130221,275.27,74,83,7.13,to,1691465979
357,nata,-73.21531203706948,24.86800964878219,224.89,73,84,8.96,za,1691465980
358,mezen,89.78430535867022,32.32849994031238,270.8,86,100,5.47,no,1691465981
359,dhidhdhoo,32.84997486287182,-62.39664787504691,300.74,87,97,8.24,bm,1691465981
360,cabo san lucas,-75.63276243165222,-133.73657947689549,234.76,57,18,4.32,pf,1691465981
361,harper,65.95209258805457,-48.640465844115056,261.55,74,16,3.99,gl,1691465982
362,northam,-12.602149633549672,-166.1246880593462,300.82,70,99,6.01,ws,1691465982
363,malwan,-62.20720025068393,-54.68578792794155,265.5,90,85,7.44,ar,1691465982
364,yar-sale,22.723675139684616,-117.17320327119683,297.92,88,0,2.61,mx,1691465983
365,los llanos de aridane,-4.845562097656327,-80.32239710358608,295.6,72,46,2.83,pe,1691465983
366,skjervoy,12.685733649881698,-158.74628180253072,299.65,87,90,8.5,us,1691465983
367,vung tau,-88.77817019221942,101.09603310878441,226.04,96,100,6.33,au,1691465983
368,enshi,-31.223332908781856,54.97759160251155,289.36,70,100,5.68,re,1691465984
369,colon,-37.078565595959226,132.06628269106818,286.69,80,1,8.96,au,1691465984
370,botro,-76.50331150771078,-86.17888494917683,230.06,91,12,5.96,cl,1691465984
371,saldanha,-15.772578473433896,22.737512260416707,285.64,65,5,2.74,zm,1691465985
372,haradok,19.194062058944382,-119.12704290371076,299.28,84,82,2.51,mx,1691465985
373,ostrovnoy,-56.523212703936096,117.87856119032244,272.97,88,100,18.34,au,1691465985
374,tuyen quang,13.55677909960015,153.9804857224907,302.01,76,100,8.26,pg,1691465986
375,kibara,-14.858043278657135,-104.2521845671942,295.9,67,100,5.22,ec,1691465986
376,manama,-69.94769787040798,120.29894245271737,220.82,100,100,4.44,au,1691465986
377,sabang,-31.0236636524482,162.18795322332915,288.34,70,85,9.23,au,1691465987
378,kiunga,-50.002566879097536,-126.54146889566044,278.92,80,97,5.49,pf,1691465987
379,middle island,-0.6858436979864848,70.42121944019317,301.1,73,94,2.27,mv,1691465987
380,tezu,37.179540246621926,143.65657751505842,300.7,84,88,11.72,jp,1691465988
381,lockhart,23.18773758827095,-13.193049559963043,296.2,59,0,6.32,mr,1691465988
382,san quintin,-16.607137202879457,-87.0002284534889,292.38,71,100,6.92,pe,1691465988
383,redmond,14.87461544321755,-135.28027050800517,297.77,77,93,5.84,us,1691465989
384,kisaran,47.74228813059824,-78.73413280479869,287.13,96,100,5.88,ca,1691465989
385,muroto,42.49991135459706,6.620342969700715,292.56,78,0,4.99,fr,1691465989
386,chicama,-19.13679406451942,-12.723601174056967,293.25,70,100,9.51,sh,1691465990
387,garm,60.99168559433167,-122.4049910394044,294.54,52,94,4.03,ca,1691465990
388,kargasok,-34.35529372098088,-40.166591514490506,286.36,64,100,12.89,br,1691465990
389,lompoc,-6.029800269078919,93.17055238137038,300.82,74,39,8.28,id,1691465990
390,sampit,35.13301095310983,-148.36708068165308,297.97,74,6,1.98,us,1691465991
391,eyl,14.416943178265868,-76.27205680766296,301.69,87,0,8.82,jm,1691465991
392,porbandar,-31.43486598134239,-22.60473009919062,290.63,84,0,13.97,br,1691465992
393,pirai,31.92041381662449,-157.48218521362168,298.46,81,0,5.81,us,1691465992
394,narsaq,-57.882226671392495,58.89466223313502,268.33,73,100,10.81,mg,1691465992
395,merauke,-82.55799252591456,110.1988817484434,222.59,94,100,9.84,au,1691465993
396,ventspils,54.235110692341294,-118.67578711302329,287.42,94,96,1.78,ca,1691465993
397,guatire,74.41574344994629,35.38220926037377,280.53,99,100,3.5,ru,1691465994
398,yuzhno-yeniseyskiy,46.94749464440795,34.22565197060638,295.12,59,0,3.06,ua,1691465994
399,kendari,-22.788498926081502,-103.79288701133162,294.26,89,0,7.29,ec,1691465994
400,gagino,4.293450420105685,-33.85054622665024,300.26,73,92,6.39,br,1691465995
401,aleksin,69.66623108858246,-140.94957252434676,285.39,80,80,1.85,ca,1691465995
402,vardo,-78.36872712690435,57.08881088540855,216.6,99,53,6.55,za,1691465996
403,taoudenni,-33.600567780195135,147.1569874477176,291.57,41,0,0.83,au,1691465996
404,atbasar,74.57344740339437,-163.77735695885863,272.49,91,94,3.7,us,1691465996
405,beyneu,4.140074516040343,-51.41044090419237,298.7,82,57,3.23,gf,1691465997
406,naze,-77.0544521878714,6.108136442159264,227.03,51,93,6.05,za,1691465997
407,lorengau,47.93421148857425,173.79275938796764,284.62,97,100,7.79,ru,1691465997
408,labutta,68.46855661745295,-28.662537747772518,275.69,58,52,5.09,is,1691465997
409,indian head,-51.21580480757873,-2.8142319031684337,273.39,97,100,11.39,za,1691465998
410,adamas,84.68763116788062,-27.057602931553845,271.6,87,87,5.01,gl,1691465998
411,luwuk,-69.90806127611799,12.850785910746737,258.05,91,100,19.4,za,1691465998
412,upernavik,-35.31118287225679,-118.05521863147482,286.38,67,22,11.69,pf,1691465999
413,miramar,-70.96982302053479,-140.2395566365958,250.96,96,100,5.09,pf,1691465999
414,mahon,53.71102273439044,-142.94388103710534,285.95,95,100,7.12,us,1691466000
415,jumla,-38.94507180857329,-27.864543879119992,283.89,67,94,18.44,br,1691466001
416,ruwi,-70.51849061833313,32.835303968711685,253.88,95,100,12.58,za,1691466001
417,shingu,-22.748314208619007,124.04828883853378,300.01,21,5,5.18,au,1691466002
418,bekhtery,83.57956427572418,82.85506790087305,273.49,96,100,3.99,ru,1691466002
419,blagoveshchenka,-13.323232945433858,-121.60890248442126,297.86,73,100,6.77,pf,1691466003
420,limbang,86.34284443747313,127.94995061955427,273.32,98,100,5.21,ru,1691466003
421,brae,-46.707535653362214,130.93818133774198,282.57,90,100,18.43,au,1691466004
422,nguiu,75.60334802005741,-19.10340245924297,275.28,80,0,4.29,gl,1691466004
423,da lat,41.63368957589887,-79.93398680136602,290.7,97,94,5.21,us,1691466004
424,yeppoon,-65.03101737922208,140.20950852438483,258.46,92,90,2.39,au,1691466005
425,barawe,69.56895842512478,-152.72946356159372,297.89,44,37,3.18,us,1691466005
426,warqla,-22.90718770479741,86.12701463818547,292.22,72,32,9.88,id,1691466005
427,mugur-aksy,-68.51340988244347,36.320555981415765,253.76,97,100,10.42,za,1691466006
428,gainesville,-20.806010355102373,-53.65828176792779,296.03,39,0,0.97,br,1691466006
429,kapoeta,-19.597284923761535,-173.08046117562876,297.33,87,58,6.99,to,1691466007
430,cherskiy,72.5417039580314,89.34740839577813,294.43,39,10,3.58,ru,1691466007
431,ternate,39.28901391266652,-76.16404946518331,296.03,99,99,8.59,us,1691466007
432,champasak,44.39036309471345,128.9188762970005,292.98,83,100,1.41,cn,1691466008
433,toftir,68.43947628794407,-14.619569034667677,279.5,67,31,1.23,is,1691466008
434,vao,68.76413489277405,13.168476733045935,285.12,97,100,14.7,no,1691466008
435,sungaipenuh,-59.961423136021914,137.94038984370462,273.04,98,100,16.63,au,1691466009
436,krasnobrodskiy,-55.414614452365385,-171.60603868788363,277.95,89,99,7.57,to,1691466009
437,marovoay,81.73958242039532,106.24822767969602,273.74,98,99,3.75,ru,1691466009
438,maxixe,79.34632629929791,145.22683811024,273.22,93,56,4.66,ru,1691466010
439,mattru,3.336198739819338,-102.1821468019637,299.69,71,50,6.3,ec,1691466010
440,hobyo,-47.546724512606964,-59.458970359804866,277.61,82,66,8.0,ar,1691466011
441,petropavlovsk-kamchatskiy,34.88604300158059,-125.17623938059594,290.88,90,0,8.96,us,1691466011
442,andrushivka,12.633860466401558,-78.49809068892176,301.22,87,100,8.29,pa,1691466011
443,lafia,51.717143286752986,-83.00561145285913,289.37,95,56,1.2,ca,1691466012
444,mehran,63.19086931629144,-152.77246706594195,286.77,95,98,2.24,us,1691466012
445,chernyshevskiy,-32.78221243639751,62.28851825079465,287.01,54,100,0.63,mu,1691466012
446,srednekolymsk,-82.90320968454041,136.24095506406735,218.91,97,93,6.31,au,1691466013
447,siavonga,80.95951057502867,-122.5974341925149,272.83,92,100,6.4,ca,1691466013
448,vila,21.653283543335633,-44.772690521406076,299.09,80,84,6.82,bb,1691466014
449,ust-bolsheretsk,-3.1968761558169945,77.46419843800305,300.49,74,91,2.8,mv,1691466014
450,valleyview,3.451681738909926,-26.466910099937905,298.26,74,100,5.05,cv,1691466014
451,newport,59.54764667860414,-125.10289901954016,286.4,91,88,0.91,ca,1691466014
452,babanusah,-50.49419437596524,7.487490859591588,274.83,80,96,15.48,za,1691466015
453,bedesa,-35.97863857528514,-12.08868398817367,288.47,77,78,16.72,sh,1691466016
454,santa isabel do rio negro,-48.379966869000334,-129.0711220147769,279.16,80,100,9.42,pf,1691466016
455,moranbah,62.329125874846795,-165.61462391499683,284.57,88,100,7.76,us,1691466016
456,sibiti,77.00657611865887,-81.5780811406306,278.84,75,98,5.03,gl,1691466017
457,marcona,68.98648762336853,60.11544350382724,280.26,88,79,4.98,ru,1691466017
458,yumen,-26.32766272190888,95.56661926557587,290.37,60,94,5.5,au,1691466017
459,hamadan,-35.4788109309763,69.10520113383919,285.42,64,98,4.92,mu,1691466018
460,rozivka,-21.630887360106556,-12.045945901096104,293.03,74,0,7.45,sh,1691466018
461,chikhli,19.657341295554204,-171.7226743308065,299.97,75,1,8.08,us,1691466018
462,sabaudia,84.88160566651393,15.893097033240565,273.17,96,100,5.44,sj,1691466018
463,brindisi,-13.599052822553219,-138.07260673094697,298.87,76,54,6.83,pf,1691466019
464,ratanpur,82.58642494002908,146.02768496662378,273.52,98,100,4.47,ru,1691466019
465,poshekhonye,-28.73377284206751,-29.80622869673033,293.25,89,0,11.57,br,1691466020
466,gondanglegi,33.322972324704324,-65.49858582355918,300.6,88,100,8.9,bm,1691466020
467,macaboboni,53.0789323155939,-16.517755127018006,287.33,91,100,7.01,ie,1691466020
468,sweetwater,33.94734623265529,-165.2621048418078,297.93,84,6,6.75,us,1691466021
469,yellandu,71.90764143126879,-118.36504043519608,289.15,48,56,2.47,ca,1691466021
470,ajra,-50.62711731325528,36.04615692326303,276.72,86,100,12.65,za,1691466022
471,znamenskoye,-11.974108201023668,-152.06092946145932,299.87,78,11,6.07,pf,1691466023
472,hokitika,29.118806342061305,25.84873357265934,300.16,56,0,3.05,eg,1691466023
473,saleaula,-75.09841958043253,-86.0763712958987,235.14,97,93,6.73,cl,1691466024
474,namatanai,-72.53311718262063,86.14225865647404,215.4,97,69,7.95,au,1691466024
475,nyurba,84.13965316862087,0.9687073709229139,273.37,95,100,6.14,sj,1691466024
476,trairi,89.0835516292857,140.9814797831724,272.59,97,100,2.08,ru,1691466025
477,urdzhar,-28.344690133521247,-72.13463566413252,287.44,89,59,6.47,cl,1691466025
478,winburg,7.807964738196333,-60.621514157374975,297.05,91,35,1.45,gy,1691466026
479,taburi,-21.460278046423284,54.97470862098487,294.27,67,21,9.6,re,1691466026
480,valavanur,-88.00679341521197,-56.71465024121264,230.7,100,100,5.32,ar,1691466026
481,adrar,79.29966446041092,-175.24887567861987,273.62,95,100,9.32,ru,1691466027
482,isiro,39.793510053463336,162.75671330627415,297.42,89,5,3.58,ru,1691466027
483,sobolevo,-17.67758173082737,-12.007215208479522,293.26,68,100,9.27,sh,1691466027
484,dwarka,-32.730367127206485,-7.648919186578183,289.23,72,62,9.62,sh,1691466028
485,xapuri,44.51920277862354,143.64247606798136,293.25,97,100,7.86,jp,1691466028
486,santo antonio do taua,-21.178873782899203,-117.52879734310534,295.7,87,17,5.05,pf,1691466028
487,cao bang,-62.054626714865975,132.87347670719248,272.45,97,100,18.63,au,1691466029
488,caravelas,-66.85405724840042,-167.06039202361808,270.05,88,100,10.69,ck,1691466029
489,portsmouth,83.68413665480728,-137.02735297144028,273.0,97,100,6.73,ca,1691466029
490,aksu,43.012451827695315,173.96481285142278,290.99,97,42,6.19,ru,1691466030
491,moron,-19.564735013666862,131.14201377243376,299.96,21,100,8.89,au,1691466030
492,nago,3.5559732783016784,-32.10767477585986,299.87,69,69,5.68,br,1691466031
493,lashio,6.3679957035660095,-11.268634762674708,298.73,84,82,4.95,lr,1691466031
494,burica,-15.230704700124889,129.68116160851997,303.95,18,40,8.12,au,1691466031
495,crestview,21.749133942971255,134.159941695959,301.62,86,100,7.85,jp,1691466032
496,flinders,-39.004949786411544,28.291741103580875,288.02,79,74,9.86,za,1691466032
497,ozernovskiy,-88.15333815656602,-169.75377165202423,222.83,100,100,7.35,to,1691466032
498,tabou,58.533664610275906,176.38417801287994,283.17,88,100,4.78,ru,1691466032
499,evora,-60.266157209843534,95.1634979510294,269.76,91,100,11.83,au,1691466033
500,utiroa,-79.34542380510509,-131.6154380361775,225.45,100,100,3.91,pf,1691466033
501,kulhudhuffushi,-46.33114308811566,165.19688876345674,281.05,63,100,5.96,nz,1691466033
502,lumding,-68.24511932028372,-170.70262726347698,271.4,94,100,10.21,to,1691466034
503,eskasem,0.02314454698097279,158.54919627857964,299.38,81,100,4.37,pg,1691466034
504,zhezkazgan,12.128498128971401,-126.51684001633791,300.46,79,86,5.45,mx,1691466035
505,kodinsk,-4.394219694421878,129.8272273518993,298.97,78,78,8.57,id,1691466035
506,te anau,56.70859138246183,167.1245738333164,284.15,87,99,8.79,ru,1691466035
507,sinnamary,56.63912590902734,96.73795595406898,291.43,70,82,1.6,ru,1691466035
508,yokadouma,-28.633152184442437,96.60906850501914,288.39,61,100,6.02,au,1691466036
509,ciudad bolivar,63.79387957661797,7.067138247291723,287.11,97,100,7.91,no,1691466036
510,saint-louis,37.40228957933556,28.24954436212667,292.16,64,0,1.33,tr,1691466036
511,pangnirtung,-44.421695940369894,-113.13794151973043,280.79,69,97,10.71,pf,1691466037
512,shaowu,-27.894751727020918,-113.50121107837099,291.91,67,20,8.07,pf,1691466037
513,zhuhai,-24.345162907309913,-118.70879459718287,293.95,78,16,2.89,pf,1691466037
514,noboribetsu,-75.95637207286418,-98.70062216609725,230.78,91,96,4.61,cl,1691466038
515,karratha,-47.59934819105345,121.51756230251146,281.67,94,100,11.72,au,1691466038
516,valparaiso,-76.30410102820768,-112.38994981600908,229.08,84,100,0.51,cl,1691466039
517,helong,-56.881065607578925,126.07825369399961,276.57,96,100,18.75,au,1691466039
518,port moresby,-62.9699621402588,-121.3979707146968,270.13,76,100,12.45,pf,1691466039
519,haines junction,54.120729565194864,-104.60337175601579,284.82,69,7,3.01,ca,1691466040
520,sembabule,-57.282836902014054,-108.93690427021234,273.72,68,100,7.66,cl,1691466040
521,kupang,89.94206251479739,115.75060711881287,270.74,86,100,5.49,ru,1691466040
522,najran,-75.1236104381311,114.32529762053832,211.61,100,100,5.09,au,1691466041
523,kodiak,-12.30283410917555,-20.43481529021608,296.42,72,100,7.34,sh,1691466041
524,tiarei,-50.20135156060207,-47.818698902711674,275.77,75,76,12.21,ar,1691466041
525,scottsbluff,-3.9073078264355985,-84.97520350865082,296.36,74,100,5.61,pe,1691466042
526,tarakan,45.86486574117973,-62.692694413658856,290.93,94,96,6.17,ca,1691466042
527,iwaki,84.86476381960728,-151.2287545502718,273.12,98,100,4.97,us,1691466042
528,skotterud,31.289654660264347,-106.01002643158937,303.7,31,56,10.75,mx,1691466043
529,san vicente,15.739528977706982,179.77427028137873,300.92,76,9,8.06,ki,1691466043
530,sorland,-78.72513204674159,-67.91840226816691,239.19,98,98,2.21,ar,1691466043
531,kloulklubed,-34.102248499838296,-145.30525972591582,287.79,73,52,10.24,pf,1691466043
532,qaqortoq,-41.58987495611022,142.12257041405104,285.97,56,93,5.2,au,1691466044
533,worthing,29.849466178374726,27.65540457963698,298.42,70,0,3.29,eg,1691466044
534,trincomalee,-2.886995313049667,-174.62452008347967,302.02,72,34,3.83,wf,1691466044
535,naral,-33.04137879496395,-144.92527061916718,288.42,71,9,12.46,pf,1691466045
536,araguaina,32.3474622458928,80.57363771115189,284.7,34,6,1.92,in,1691466045
537,arlit,81.03892612935687,84.48094670861235,273.64,99,100,3.21,ru,1691466045
538,raudeberg,30.31213113513145,-49.904100829429325,300.35,75,95,4.65,bm,1691466045
539,mandan,-80.50006864038906,-91.97484105156134,223.04,100,100,2.54,cl,1691466046
540,mongu,40.5898834394078,44.407943482001315,285.78,59,0,1.73,am,1691466046
541,portree,-57.00309589263575,118.93819236273362,273.1,90,100,20.91,au,1691466046
542,middelburg,-66.87769051765413,70.70962404302242,237.18,99,84,4.79,re,1691466047
543,mehamn,-39.2320613119227,118.4376417826179,286.41,86,94,13.97,au,1691466047
544,rypefjord,78.00471908711347,9.107167634256825,279.32,74,69,10.7,sj,1691466048
545,bindura,-43.39803310824562,-111.27139699037168,280.95,76,100,13.93,pf,1691466048
546,ampanihy,53.561760768104875,167.28599468681762,285.48,81,2,3.85,ru,1691466048
547,we,23.84772310040148,-48.22147707813821,299.84,79,68,5.31,ag,1691466049
548,marystown,-72.77853917275105,-38.42141890780627,233.76,100,96,3.1,ar,1691466049
549,terme,-59.50624253616688,132.77048817076042,275.11,97,100,18.24,au,1691466049
550,menongue,16.219004356234535,-145.6579680679902,297.5,75,30,11.16,us,1691466049
551,bowen,-26.079639062733236,-125.49433180639116,293.09,68,91,2.05,pf,1691466050
552,olafsvik,-68.22599930628905,-106.5108569754712,266.36,94,100,8.47,cl,1691466050
553,axim,83.42618290756025,-76.28314667226364,271.99,86,100,6.07,gl,1691466050
554,genoa,-42.8439442175285,-104.83578753511426,282.89,91,100,4.92,cl,1691466051
555,mamallapuram,74.80959644718357,-130.1141904660264,273.34,98,94,3.66,ca,1691466051
556,meadow lake,11.438114856237533,-106.47898601330421,301.6,79,83,5.75,mx,1691466051
557,nanuque,-62.28846719964986,-179.33262195419198,274.57,87,90,11.94,to,1691466052
558,oistins,58.093058047581394,-67.88130297755063,283.54,84,99,3.24,ca,1691466052
559,alugan,-28.59892673788505,132.91009324494178,294.84,17,0,5.69,au,1691466053
560,manyana,69.36952298978812,119.74821366390819,295.29,27,13,2.0,ru,1691466053
561,mattawa,-77.60622900905682,31.249686113388833,208.15,100,100,2.93,za,1691466054
562,saint-tite,-3.1604903574700245,116.17778877423314,302.7,58,96,2.32,id,1691466054
563,njombe,-49.544673766561374,-2.6940384494862144,277.03,94,100,15.21,za,1691466055
564,brenham,14.702497153797225,59.38507041821168,298.14,87,100,13.9,om,1691466055
565,paka,2.603474841326431,-108.30676690910276,299.27,72,53,7.8,mx,1691466055
566,kota belud,10.965932833579586,-172.80098037121712,300.42,81,91,8.11,us,1691466056
567,bontang,48.59146303972955,10.775988098668932,285.21,89,87,3.13,de,1691466056
568,olinda,-27.12997993213245,-167.61143839667733,290.87,53,77,4.36,nu,1691466057
569,baruun-urt,-0.4239533458534481,171.55487444784546,302.45,70,100,3.87,ki,1691466057
570,aykhal,38.27957535978737,-90.98560775430123,295.5,83,86,0.75,us,1691466057
571,quesnel,16.35495732736682,95.68663196958829,300.16,82,100,5.85,mm,1691466058
572,whitehorse,29.898837933716962,71.76009746845588,303.16,48,8,5.27,pk,1691466058
573,borogontsy,-37.566599978558834,-81.23358211986938,285.7,74,79,5.33,cl,1691466059
574,waipawa,-3.1869535522735504,80.39533403480368,300.89,74,68,3.23,mv,1691466059
575,novyy urengoy,69.47747413912947,149.10787528887641,279.79,68,100,2.3,ru,1691466059
576,anshun,38.23848857857496,-80.1466921369997,292.68,71,90,0.89,us,1691466060
577,half moon bay,-55.14012126287459,147.547068396332,274.13,98,76,9.06,au,1691466061
578,taltal,33.19713407761573,110.22074956637607,298.6,78,100,2.17,cn,1691466061
579,edd,67.88505221535513,93.18771333134748,287.31,58,45,1.65,ru,1691466061
580,darhan,-28.96151684704902,34.74031311993727,292.94,70,0,2.5,za,1691466062
581,tyumentsevo,20.696447393472738,88.39675155173097,301.95,77,100,6.3,in,1691466062
582,rolim de moura,44.21130260625279,-64.69896104705337,291.66,81,100,0.45,ca,1691466063
583,mandali,61.9629522736204,174.97572209877507,283.66,81,100,4.81,ru,1691466064
584,huadian,-66.57680251136667,155.1316919100148,258.86,78,53,12.48,nz,1691466064
585,san nicolas,73.62488946914564,75.90284106467115,277.61,98,100,10.72,ru,1691466064
586,teya,-66.31221816574674,-162.5560909954983,268.13,89,62,8.58,pf,1691466065
587,poum,81.39857889046857,-43.34513234740521,271.22,99,100,6.36,gl,1691466065
588,nanzhou,-88.00292768112246,143.46009589635656,222.02,100,100,6.51,au,1691466066
589,darab,38.57698776675244,-160.62730102105726,294.99,77,100,0.26,us,1691466066
590,la palma,36.41990913654473,-143.11743256963445,296.67,85,8,4.56,us,1691466066
591,baripada,31.193927468083444,-129.2985673481294,293.16,90,0,9.5,us,1691466067
592,tulum,20.606124000516814,-51.20851057052175,301.0,79,44,6.94,gp,1691466067
593,san cristobal,-19.800237476969812,135.22649724899117,300.54,22,83,7.2,au,1691466068
594,adolfo lopez mateos,-78.44201187753714,-126.67671407053169,223.75,100,100,3.96,pf,1691466068
595,catamarca,3.692262633080233,-162.05658464946842,301.55,76,91,4.72,us,1691466068
596,japura,-79.74452683400006,-55.07894341149152,238.61,96,100,5.26,ar,1691466069
597,katherine,-75.80316280729888,-113.18450258364926,235.53,85,100,3.09,cl,1691466069
598,shah alam,33.40367007225905,-115.65284081130493,312.05,28,1,4.84,us,1691466070
599,omemee,-73.66778546085465,-143.64486764984923,243.34,100,100,3.53,pf,1691466070
600,hirara,9.335075089636732,-67.59968920251467,296.33,96,62,0.66,ve,1691466071
601,deggendorf,-32.24173180138742,-148.61800832746724,288.08,72,50,15.98,pf,1691466071
602,krasnoselkup,-66.30682998108391,-84.30686334337334,260.52,99,75,2.41,cl,1691466072
603,gashua,74.54147677513413,-176.70463819286346,272.24,85,10,2.11,ru,1691466072
604,suraabad,56.65983866695362,12.78828837765289,287.13,88,40,11.83,se,1691466072
605,camiri,-14.376460285049234,146.13635705708157,297.12,73,82,11.33,au,1691466073
606,tungor,-74.89033717556603,14.448126131923516,218.64,70,60,5.52,za,1691466073
607,umzimvubu,-18.660368928294304,-16.517028738420294,294.19,67,100,8.15,sh,1691466073
608,korla,16.851027108223036,-98.81573873893143,294.26,96,36,0.74,mx,1691466074
609,monrovia,-63.42560110986469,78.91898808018607,231.95,99,75,6.46,au,1691466074
610,edgewater,28.195615382845602,19.58871734590909,294.69,79,5,3.76,ly,1691466074
611,christchurch,-21.458414435671372,165.9214038215913,293.94,67,97,3.08,nc,1691466075
612,meulaboh,63.49456266503228,147.63160253390913,282.46,31,100,2.34,ru,1691466075
613,bandrele,-58.163510114334095,121.01535172416209,273.36,84,100,17.85,au,1691466076
614,lodwar,30.599593627336404,-80.20576004268764,302.86,80,2,7.24,us,1691466076
